{"cluster_num":1,"count":1118646,"speeders_count":150926,"mean_vel":57.16554179655969,"mean_time":5.36754199885493,"stddev_vel":11.866414031071058,"stddev_time":0.963596423881418,"min_vel":31.560667,"max_vel":214.31596,"min_time":0.8766168,"max_time":10.005228}
{"cluster_num":2,"count":482674,"speeders_count":106282,"mean_vel":64.19026272740783,"mean_time":4.7710107897527365,"stddev_vel":9.06154854320692,"stddev_time":0.6194557038374005,"min_vel":44.381638,"max_vel":178.07799,"min_time":1.2405838,"max_time":7.5289106}
{"cluster_num":0,"count":858876,"speeders_count":47651,"mean_vel":43.396578811866235,"mean_time":7.380642301232019,"stddev_vel":14.379491187118207,"stddev_time":2.7773537981122103,"min_vel":0.6443532,"max_vel":120.12209,"min_time":2.2810082,"max_time":90.531555}
