{"interval_index":0.0,"time_vector":{"type":1,"values":[1.0,0.0]},"count":9688,"mean_volume":324.0501651527663,"stddev_volume":57.17686535694887}
{"interval_index":1.0,"time_vector":{"type":1,"values":[0.9978589232386035,0.06540312923014306]},"count":9797,"mean_volume":334.40716545881395,"stddev_volume":78.96947196704981}
{"interval_index":2.0,"time_vector":{"type":1,"values":[0.9914448613738104,0.13052619222005157]},"count":10904,"mean_volume":373.6913059427733,"stddev_volume":89.90438475525534}
{"interval_index":3.0,"time_vector":{"type":1,"values":[0.9807852804032304,0.19509032201612825]},"count":8886,"mean_volume":334.28651811838847,"stddev_volume":98.48985820566527}
{"interval_index":4.0,"time_vector":{"type":1,"values":[0.9659258262890683,0.25881904510252074]},"count":10353,"mean_volume":352.55008210180625,"stddev_volume":74.7358332546008}
{"interval_index":5.0,"time_vector":{"type":1,"values":[0.9469301294951057,0.3214394653031616]},"count":10493,"mean_volume":356.5505575145335,"stddev_volume":79.989750123278}
{"interval_index":6.0,"time_vector":{"type":1,"values":[0.9238795325112867,0.3826834323650898]},"count":9515,"mean_volume":334.2197582764057,"stddev_volume":68.23152374840834}
{"interval_index":7.0,"time_vector":{"type":1,"values":[0.8968727415326883,0.4422886902190013]},"count":8489,"mean_volume":293.0607845447049,"stddev_volume":67.16195471800053}
{"interval_index":8.0,"time_vector":{"type":1,"values":[0.8660254037844387,0.49999999999999994]},"count":10007,"mean_volume":358.1174178075347,"stddev_volume":90.66679118174245}
{"interval_index":9.0,"time_vector":{"type":1,"values":[0.8314696123025452,0.5555702330196022]},"count":10389,"mean_volume":348.60804697275967,"stddev_volume":69.88615527004104}
{"interval_index":10.0,"time_vector":{"type":1,"values":[0.7933533402912352,0.6087614290087207]},"count":10039,"mean_volume":364.15469668293656,"stddev_volume":107.0783625567712}
{"interval_index":11.0,"time_vector":{"type":1,"values":[0.7518398074789774,0.6593458151000688]},"count":10783,"mean_volume":360.7573959009552,"stddev_volume":68.82535875774127}
{"interval_index":12.0,"time_vector":{"type":1,"values":[0.7071067811865476,0.7071067811865475]},"count":10157,"mean_volume":355.1338978044698,"stddev_volume":93.86140506864258}
{"interval_index":13.0,"time_vector":{"type":1,"values":[0.6593458151000688,0.7518398074789774]},"count":9879,"mean_volume":357.5441846340723,"stddev_volume":92.86401179966643}
{"interval_index":14.0,"time_vector":{"type":1,"values":[0.6087614290087207,0.7933533402912352]},"count":10671,"mean_volume":361.4117702183488,"stddev_volume":77.49446434361893}
{"interval_index":15.0,"time_vector":{"type":1,"values":[0.5555702330196023,0.8314696123025452]},"count":9272,"mean_volume":320.55176876617776,"stddev_volume":78.57722602571724}
{"interval_index":16.0,"time_vector":{"type":1,"values":[0.5000000000000001,0.8660254037844386]},"count":10301,"mean_volume":346.89709736918746,"stddev_volume":71.47885213980707}
{"interval_index":17.0,"time_vector":{"type":1,"values":[0.44228869021900125,0.8968727415326884]},"count":10803,"mean_volume":374.49143756363975,"stddev_volume":97.16609274597776}
{"interval_index":18.0,"time_vector":{"type":1,"values":[0.38268343236508984,0.9238795325112867]},"count":12503,"mean_volume":431.004478925058,"stddev_volume":88.74917505736421}
{"interval_index":19.0,"time_vector":{"type":1,"values":[0.3214394653031617,0.9469301294951056]},"count":10945,"mean_volume":385.5428962996802,"stddev_volume":94.29440378989455}
{"interval_index":20.0,"time_vector":{"type":1,"values":[0.25881904510252074,0.9659258262890683]},"count":13394,"mean_volume":469.66716440197104,"stddev_volume":129.64458656140386}
{"interval_index":21.0,"time_vector":{"type":1,"values":[0.19509032201612833,0.9807852804032304]},"count":21123,"mean_volume":711.9556407707239,"stddev_volume":155.36533720462256}
{"interval_index":22.0,"time_vector":{"type":1,"values":[0.1305261922200517,0.9914448613738104]},"count":21142,"mean_volume":724.6182953362974,"stddev_volume":163.0513700814386}
{"interval_index":23.0,"time_vector":{"type":1,"values":[0.06540312923014305,0.9978589232386035]},"count":20851,"mean_volume":707.3691909260947,"stddev_volume":152.08654231520043}
{"interval_index":24.0,"time_vector":{"type":1,"values":[6.123233995736766E-17,1.0]},"count":22211,"mean_volume":737.4532889109,"stddev_volume":119.78941493340527}
{"interval_index":25.0,"time_vector":{"type":1,"values":[-0.06540312923014292,0.9978589232386035]},"count":21300,"mean_volume":716.5092018779343,"stddev_volume":135.64996034709264}
{"interval_index":26.0,"time_vector":{"type":1,"values":[-0.1305261922200516,0.9914448613738104]},"count":22469,"mean_volume":741.8319907428012,"stddev_volume":112.08943970971985}
{"interval_index":27.0,"time_vector":{"type":1,"values":[-0.1950903220161282,0.9807852804032304]},"count":20845,"mean_volume":707.2653873830654,"stddev_volume":161.18095520355953}
{"interval_index":28.0,"time_vector":{"type":1,"values":[-0.25881904510252085,0.9659258262890683]},"count":36483,"mean_volume":1296.1448071704629,"stddev_volume":374.2793450392524}
{"interval_index":29.0,"time_vector":{"type":1,"values":[-0.3214394653031616,0.9469301294951057]},"count":34446,"mean_volume":1173.8092086163851,"stddev_volume":263.9425667895928}
{"interval_index":30.0,"time_vector":{"type":1,"values":[-0.3826834323650897,0.9238795325112867]},"count":35613,"mean_volume":1227.8716479937102,"stddev_volume":280.7798915087294}
{"interval_index":31.0,"time_vector":{"type":1,"values":[-0.44228869021900113,0.8968727415326884]},"count":37109,"mean_volume":1241.253523404026,"stddev_volume":225.10806340146848}
{"interval_index":32.0,"time_vector":{"type":1,"values":[-0.4999999999999998,0.8660254037844387]},"count":35316,"mean_volume":1248.2972024011779,"stddev_volume":335.65087495189107}
{"interval_index":33.0,"time_vector":{"type":1,"values":[-0.5555702330196023,0.8314696123025451]},"count":37210,"mean_volume":1236.875786079011,"stddev_volume":197.15389334307082}
{"interval_index":34.0,"time_vector":{"type":1,"values":[-0.6087614290087207,0.7933533402912352]},"count":37683,"mean_volume":1249.1692540402835,"stddev_volume":199.67465380370388}
{"interval_index":35.0,"time_vector":{"type":1,"values":[-0.6593458151000688,0.7518398074789774]},"count":37311,"mean_volume":1219.0654498673314,"stddev_volume":133.5768438095806}
{"interval_index":36.0,"time_vector":{"type":1,"values":[-0.7071067811865475,0.7071067811865476]},"count":39004,"mean_volume":1281.0926058865757,"stddev_volume":167.6695676143868}
{"interval_index":37.0,"time_vector":{"type":1,"values":[-0.7518398074789773,0.659345815100069]},"count":38232,"mean_volume":1257.9885436283741,"stddev_volume":174.897643979665}
{"interval_index":38.0,"time_vector":{"type":1,"values":[-0.793353340291235,0.6087614290087209]},"count":38534,"mean_volume":1263.5188664555976,"stddev_volume":161.3091511634958}
{"interval_index":39.0,"time_vector":{"type":1,"values":[-0.8314696123025453,0.5555702330196022]},"count":33937,"mean_volume":1104.6410996847098,"stddev_volume":107.23606000704481}
{"interval_index":40.0,"time_vector":{"type":1,"values":[-0.8660254037844387,0.49999999999999994]},"count":30939,"mean_volume":1004.6332137431721,"stddev_volume":80.3924612246594}
{"interval_index":41.0,"time_vector":{"type":1,"values":[-0.8968727415326883,0.4422886902190013]},"count":32012,"mean_volume":1044.4538298138198,"stddev_volume":109.71343373584398}
{"interval_index":42.0,"time_vector":{"type":1,"values":[-0.9238795325112867,0.3826834323650899]},"count":31769,"mean_volume":1028.4290031162454,"stddev_volume":61.83266804622753}
{"interval_index":43.0,"time_vector":{"type":1,"values":[-0.9469301294951056,0.32143946530316175]},"count":30911,"mean_volume":1000.0467471126783,"stddev_volume":53.60941017774731}
{"interval_index":44.0,"time_vector":{"type":1,"values":[-0.9659258262890682,0.258819045102521]},"count":30677,"mean_volume":999.7058056524432,