{"model":"linear_regression","scores":{"r2":0.99522597,"mae":0.7655147,"rmse":1.1093811,"mse":1.2307264}}
