{"interval_index":0.0,"time_vector":{"type":1,"values":[1.0,0.0]},"count":10948,"mean_volume":362.4769820971867,"stddev_volume":54.319303698733194}
{"interval_index":1.0,"time_vector":{"type":1,"values":[0.9978589232386035,0.06540312923014306]},"count":9775,"mean_volume":335.35703324808185,"stddev_volume":73.10689407519843}
{"interval_index":2.0,"time_vector":{"type":1,"values":[0.9914448613738104,0.13052619222005157]},"count":11400,"mean_volume":384.88157894736844,"stddev_volume":76.005270438625}
{"interval_index":3.0,"time_vector":{"type":1,"values":[0.9807852804032304,0.19509032201612825]},"count":11642,"mean_volume":397.26541831300466,"stddev_volume":89.23288546214752}
{"interval_index":4.0,"time_vector":{"type":1,"values":[0.9659258262890683,0.25881904510252074]},"count":9398,"mean_volume":334.54373270908707,"stddev_volume":83.32659117365816}
{"interval_index":5.0,"time_vector":{"type":1,"values":[0.9469301294951057,0.3214394653031616]},"count":10072,"mean_volume":342.8202938840349,"stddev_volume":75.77221214565112}
{"interval_index":6.0,"time_vector":{"type":1,"values":[0.9238795325112867,0.3826834323650898]},"count":9289,"mean_volume":308.57239745936056,"stddev_volume":50.59451202598752}
{"interval_index":7.0,"time_vector":{"type":1,"values":[0.8968727415326883,0.4422886902190013]},"count":8313,"mean_volume":298.57223625646577,"stddev_volume":87.65165797810047}
{"interval_index":8.0,"time_vector":{"type":1,"values":[0.8660254037844387,0.49999999999999994]},"count":9153,"mean_volume":335.3749590298263,"stddev_volume":105.64888325000054}
{"interval_index":9.0,"time_vector":{"type":1,"values":[0.8314696123025452,0.5555702330196022]},"count":10344,"mean_volume":356.6401778808971,"stddev_volume":88.31371284705423}
{"interval_index":10.0,"time_vector":{"type":1,"values":[0.7933533402912352,0.6087614290087207]},"count":9193,"mean_volume":325.73360165343195,"stddev_volume":73.52604923617471}
{"interval_index":11.0,"time_vector":{"type":1,"values":[0.7518398074789774,0.6593458151000688]},"count":10953,"mean_volume":363.78772938920844,"stddev_volume":62.29792128346556}
{"interval_index":12.0,"time_vector":{"type":1,"values":[0.7071067811865476,0.7071067811865475]},"count":10268,"mean_volume":365.4583171016751,"stddev_volume":101.93519501923564}
{"interval_index":13.0,"time_vector":{"type":1,"values":[0.6593458151000688,0.7518398074789774]},"count":8046,"mean_volume":298.87124036788464,"stddev_volume":109.46320268225742}
{"interval_index":14.0,"time_vector":{"type":1,"values":[0.6087614290087207,0.7933533402912352]},"count":11285,"mean_volume":375.1841382365973,"stddev_volume":62.076662247676914}
{"interval_index":15.0,"time_vector":{"type":1,"values":[0.5555702330196023,0.8314696123025452]},"count":9179,"mean_volume":311.0963067872317,"stddev_volume":62.98659943953327}
{"interval_index":16.0,"time_vector":{"type":1,"values":[0.5000000000000001,0.8660254037844386]},"count":9948,"mean_volume":337.70888620828305,"stddev_volume":70.6027425380313}
{"interval_index":17.0,"time_vector":{"type":1,"values":[0.44228869021900125,0.8968727415326884]},"count":12036,"mean_volume":410.2434363575939,"stddev_volume":89.26234690569098}
{"interval_index":18.0,"time_vector":{"type":1,"values":[0.38268343236508984,0.9238795325112867]},"count":11094,"mean_volume":392.0897782585181,"stddev_volume":108.96773650702318}
{"interval_index":19.0,"time_vector":{"type":1,"values":[0.3214394653031617,0.9469301294951056]},"count":11829,"mean_volume":418.09747231380504,"stddev_volume":121.0216117973044}
{"interval_index":20.0,"time_vector":{"type":1,"values":[0.25881904510252074,0.9659258262890683]},"count":12195,"mean_volume":434.7479294792948,"stddev_volume":112.1564632989819}
{"interval_index":21.0,"time_vector":{"type":1,"values":[0.19509032201612833,0.9807852804032304]},"count":22971,"mean_volume":779.4436898698359,"stddev_volume":159.83257237941072}
{"interval_index":22.0,"time_vector":{"type":1,"values":[0.1305261922200517,0.9914448613738104]},"count":22737,"mean_volume":762.346351761446,"stddev_volume":143.87306369528363}
{"interval_index":23.0,"time_vector":{"type":1,"values":[0.06540312923014305,0.9978589232386035]},"count":20503,"mean_volume":681.5852802028971,"stddev_volume":108.96942018313432}
{"interval_index":24.0,"time_vector":{"type":1,"values":[6.123233995736766E-17,1.0]},"count":22263,"mean_volume":739.1554148138166,"stddev_volume":122.17107530293985}
{"interval_index":25.0,"time_vector":{"type":1,"values":[-0.06540312923014292,0.9978589232386035]},"count":21596,"mean_volume":718.8797925541767,"stddev_volume":121.53869567736004}
{"interval_index":26.0,"time_vector":{"type":1,"values":[-0.1305261922200516,0.9914448613738104]},"count":21218,"mean_volume":706.4828918842492,"stddev_volume":120.91719641173228}
{"interval_index":27.0,"time_vector":{"type":1,"values":[-0.1950903220161282,0.9807852804032304]},"count":21355,"mean_volume":713.0674315148677,"stddev_volume":127.03256139257361}
{"interval_index":28.0,"time_vector":{"type":1,"values":[-0.25881904510252085,0.9659258262890683]},"count":36404,"mean_volume":1234.7182727172838,"stddev_volume":250.01784298081455}
{"interval_index":29.0,"time_vector":{"type":1,"values":[-0.3214394653031616,0.9469301294951057]},"count":36278,"mean_volume":1247.0359997794808,"stddev_volume":271.1185845771454}
{"interval_index":30.0,"time_vector":{"type":1,"values":[-0.3826834323650897,0.9238795325112867]},"count":36718,"mean_volume":1281.7821776785229,"stddev_volume":356.77403792032385}
{"interval_index":31.0,"time_vector":{"type":1,"values":[-0.44228869021900113,0.8968727415326884]},"count":38790,"mean_volume":1326.7246197473576,"stddev_volume":282.33497076346293}
{"interval_index":32.0,"time_vector":{"type":1,"values":[-0.4999999999999998,0.8660254037844387]},"count":35877,"mean_volume":1268.02817961368,"stddev_volume":314.81689504061035}
{"interval_index":33.0,"time_vector":{"type":1,"values":[-0.5555702330196023,0.8314696123025451]},"count":36413,"mean_volume":1222.3240875511492,"stddev_volume":232.2258478380894}
{"interval_index":34.0,"time_vector":{"type":1,"values":[-0.6087614290087207,0.7933533402912352]},"count":36407,"mean_volume":1205.0085697805366,"stddev_volume":181.70936850712383}
{"interval_index":35.0,"time_vector":{"type":1,"values":[-0.6593458151000688,0.7518398074789774]},"count":38236,"mean_volume":1259.4900617219375,"stddev_volume":173.0895810436547}
{"interval_index":36.0,"time_vector":{"type":1,"values":[-0.7071067811865475,0.7071067811865476]},"count":39346,"mean_volume":1288.4684084786256,"stddev_volume":159.4557828450353}
{"interval_index":37.0,"time_vector":{"type":1,"values":[-0.7518398074789773,0.659345815100069]},"count":36403,"mean_volume":1199.7851001291103,"stddev_volume":169.19931911339867}
{"interval_index":38.0,"time_vector":{"type":1,"values":[-0.793353340291235,0.6087614290087209]},"count":39596,"mean_volume":1297.24214567128,"stddev_volume":155.8096369539797}
{"interval_index":39.0,"time_vector":{"type":1,"values":[-0.8314696123025453,0.5555702330196022]},"count":32555,"mean_volume":1056.4847488864998,"stddev_volume":80.96386833020007}
{"interval_index":40.0,"time_vector":{"type":1,"values":[-0.8660254037844387,0.49999999999999994]},"count":31677,"mean_volume":1028.7095053193168,"stddev_volume":83.13800528240422}
{"interval_index":41.0,"time_vector":{"type":1,"values":[-0.8968727415326883,0.4422886902190013]},"count":32140,"mean_volume":1047.2316116988177,"stddev_volume":101.81259271353098}
{"interval_index":42.0,"time_vector":{"type":1,"values":[-0.9238795325112867,0.3826834323650899]},"count":31914,"mean_volume":1034.8005264147396,"stddev_volume":73.66536481167546}
{"interval_index":43.0,"time_vector":{"type":1,"values":[-0.9469301294951056,0.32143946530316175]},"count":31824,"mean_volume":1030.6822523881347,"stddev_volume":63.43601143869604}
{"interval_index":44.0,"time_vector":{"type":1,"values":[-0.9659258262890682,0.258819045102521]},"count":31542,"mean_volume":1028.0344936909516,