{"cluster_num":1,"count":1110530,"speeders_count":1521,"mean_vel":42.77511187944801,"mean_time":7.15847497696881,"stddev_vel":5.282122173558995,"stddev_time":0.982417685980857,"min_vel":27.93827,"max_vel":110.484634,"min_time":2.5499136,"max_time":11.7981825}
{"cluster_num":2,"count":481761,"speeders_count":62650,"mean_vel":60.92408292425154,"mean_time":5.041807575907798,"stddev_vel":8.590435042899617,"stddev_time":0.6641418059985116,"min_vel":42.37638,"max_vel":162.9834,"min_time":1.4425223,"max_time":7.933809}
{"cluster_num":0,"count":849113,"speeders_count":13,"mean_vel":23.713160754382443,"mean_time":14.150358690582406,"stddev_vel":7.596452463611288,"stddev_time":5.556370186106619,"min_vel":0.1682183,"max_vel":78.24653,"min_time":3.8357189,"max_time":119.29275}
