{"interval_index":0.0,"time_vector":{"type":1,"values":[1.0,0.0]},"count":9874,"mean_volume":337.6791573830261,"stddev_volume":79.243485460354}
{"interval_index":1.0,"time_vector":{"type":1,"values":[0.9978589232386035,0.06540312923014306]},"count":10405,"mean_volume":356.17462758289287,"stddev_volume":79.4682960860631}
{"interval_index":2.0,"time_vector":{"type":1,"values":[0.9914448613738104,0.13052619222005157]},"count":9821,"mean_volume":333.83718562264534,"stddev_volume":69.53452794371626}
{"interval_index":3.0,"time_vector":{"type":1,"values":[0.9807852804032304,0.19509032201612825]},"count":11365,"mean_volume":402.73128024637043,"stddev_volume":105.77901348868083}
{"interval_index":4.0,"time_vector":{"type":1,"values":[0.9659258262890683,0.25881904510252074]},"count":9680,"mean_volume":337.12706611570246,"stddev_volume":85.59684991777688}
{"interval_index":5.0,"time_vector":{"type":1,"values":[0.9469301294951057,0.3214394653031616]},"count":10724,"mean_volume":366.02051473330846,"stddev_volume":84.09337072661569}
{"interval_index":6.0,"time_vector":{"type":1,"values":[0.9238795325112867,0.3826834323650898]},"count":9260,"mean_volume":317.4637149028078,"stddev_volume":76.80476341017858}
{"interval_index":7.0,"time_vector":{"type":1,"values":[0.8968727415326883,0.4422886902190013]},"count":9298,"mean_volume":323.22069262206924,"stddev_volume":80.10306173268368}
{"interval_index":8.0,"time_vector":{"type":1,"values":[0.8660254037844387,0.49999999999999994]},"count":10519,"mean_volume":366.1276737332446,"stddev_volume":91.7874307973818}
{"interval_index":9.0,"time_vector":{"type":1,"values":[0.8314696123025452,0.5555702330196022]},"count":10744,"mean_volume":364.96835443037975,"stddev_volume":76.43116453195344}
{"interval_index":10.0,"time_vector":{"type":1,"values":[0.7933533402912352,0.6087614290087207]},"count":10635,"mean_volume":374.9757404795487,"stddev_volume":89.69444701632113}
{"interval_index":11.0,"time_vector":{"type":1,"values":[0.7518398074789774,0.6593458151000688]},"count":10598,"mean_volume":361.76882430647294,"stddev_volume":79.7782926376425}
{"interval_index":12.0,"time_vector":{"type":1,"values":[0.7071067811865476,0.7071067811865475]},"count":11176,"mean_volume":381.67054402290626,"stddev_volume":89.430746052052}
{"interval_index":13.0,"time_vector":{"type":1,"values":[0.6593458151000688,0.7518398074789774]},"count":9591,"mean_volume":353.5909707016995,"stddev_volume":111.14435013555827}
{"interval_index":14.0,"time_vector":{"type":1,"values":[0.6087614290087207,0.7933533402912352]},"count":10768,"mean_volume":358.7817607726597,"stddev_volume":60.76911248191373}
{"interval_index":15.0,"time_vector":{"type":1,"values":[0.5555702330196023,0.8314696123025452]},"count":8694,"mean_volume":298.567977915804,"stddev_volume":70.65823640046635}
{"interval_index":16.0,"time_vector":{"type":1,"values":[0.5000000000000001,0.8660254037844386]},"count":11729,"mean_volume":395.20001705175207,"stddev_volume":77.98863187612442}
{"interval_index":17.0,"time_vector":{"type":1,"values":[0.44228869021900125,0.8968727415326884]},"count":11536,"mean_volume":405.55322468793344,"stddev_volume":115.24521088528248}
{"interval_index":18.0,"time_vector":{"type":1,"values":[0.38268343236508984,0.9238795325112867]},"count":11818,"mean_volume":406.1303096970723,"stddev_volume":94.21984204205894}
{"interval_index":19.0,"time_vector":{"type":1,"values":[0.3214394653031617,0.9469301294951056]},"count":10726,"mean_volume":402.4437814655976,"stddev_volume":128.52046850675444}
{"interval_index":20.0,"time_vector":{"type":1,"values":[0.25881904510252074,0.9659258262890683]},"count":12882,"mean_volume":448.6412047818662,"stddev_volume":115.8337452413728}
{"interval_index":21.0,"time_vector":{"type":1,"values":[0.19509032201612833,0.9807852804032304]},"count":21895,"mean_volume":744.0001370175839,"stddev_volume":168.11262534498448}
{"interval_index":22.0,"time_vector":{"type":1,"values":[0.1305261922200517,0.9914448613738104]},"count":22520,"mean_volume":757.888809946714,"stddev_volume":149.35784204319359}
{"interval_index":23.0,"time_vector":{"type":1,"values":[0.06540312923014305,0.9978589232386035]},"count":22122,"mean_volume":731.8197269686285,"stddev_volume":112.94086400752482}
{"interval_index":24.0,"time_vector":{"type":1,"values":[6.123233995736766E-17,1.0]},"count":20781,"mean_volume":692.5911650064963,"stddev_volume":119.19823964251188}
{"interval_index":25.0,"time_vector":{"type":1,"values":[-0.06540312923014292,0.9978589232386035]},"count":22485,"mean_volume":757.0300644874361,"stddev_volume":139.4161395783628}
{"interval_index":26.0,"time_vector":{"type":1,"values":[-0.1305261922200516,0.9914448613738104]},"count":22080,"mean_volume":738.7094202898551,"stddev_volume":138.52121459055545}
{"interval_index":27.0,"time_vector":{"type":1,"values":[-0.1950903220161282,0.9807852804032304]},"count":22076,"mean_volume":734.1824605906867,"stddev_volume":127.57241170687547}
{"interval_index":28.0,"time_vector":{"type":1,"values":[-0.25881904510252085,0.9659258262890683]},"count":36888,"mean_volume":1237.7456083279114,"stddev_volume":231.49050592452915}
{"interval_index":29.0,"time_vector":{"type":1,"values":[-0.3214394653031616,0.9469301294951057]},"count":38550,"mean_volume":1340.039429312581,"stddev_volume":319.59930546146757}
{"interval_index":30.0,"time_vector":{"type":1,"values":[-0.3826834323650897,0.9238795325112867]},"count":37180,"mean_volume":1272.4332436793975,"stddev_volume":258.79618511946643}
{"interval_index":31.0,"time_vector":{"type":1,"values":[-0.44228869021900113,0.8968727415326884]},"count":36154,"mean_volume":1273.1200420423743,"stddev_volume":344.4839647580487}
{"interval_index":32.0,"time_vector":{"type":1,"values":[-0.4999999999999998,0.8660254037844387]},"count":39627,"mean_volume":1376.3894062129357,"stddev_volume":346.4096303671744}
{"interval_index":33.0,"time_vector":{"type":1,"values":[-0.5555702330196023,0.8314696123025451]},"count":38981,"mean_volume":1285.0994843641774,"stddev_volume":175.55839916881797}
{"interval_index":34.0,"time_vector":{"type":1,"values":[-0.6087614290087207,0.7933533402912352]},"count":39688,"mean_volume":1315.730598669623,"stddev_volume":198.50453136448075}
{"interval_index":35.0,"time_vector":{"type":1,"values":[-0.6593458151000688,0.7518398074789774]},"count":37627,"mean_volume":1246.5524490392538,"stddev_volume":202.31841319804923}
{"interval_index":36.0,"time_vector":{"type":1,"values":[-0.7071067811865475,0.7071067811865476]},"count":38670,"mean_volume":1287.7776570985259,"stddev_volume":209.95283377423272}
{"interval_index":37.0,"time_vector":{"type":1,"values":[-0.7518398074789773,0.659345815100069]},"count":39036,"mean_volume":1288.9970796188134,"stddev_volume":196.07581901077162}
{"interval_index":38.0,"time_vector":{"type":1,"values":[-0.793353340291235,0.6087614290087209]},"count":36398,"mean_volume":1204.5735479971427,"stddev_volume":181.16636140435267}
{"interval_index":39.0,"time_vector":{"type":1,"values":[-0.8314696123025453,0.5555702330196022]},"count":32735,"mean_volume":1060.1585153505423,"stddev_volume":66.17966811212995}
{"interval_index":40.0,"time_vector":{"type":1,"values":[-0.8660254037844387,0.49999999999999994]},"count":31551,"mean_volume":1025.0607270767964,"stddev_volume":85.06105305212562}
{"interval_index":41.0,"time_vector":{"type":1,"values":[-0.8968727415326883,0.4422886902190013]},"count":32300,"mean_volume":1050.5081114551083,"stddev_volume":90.51970188897491}
{"interval_index":42.0,"time_vector":{"type":1,"values":[-0.9238795325112867,0.3826834323650899]},"count":31845,"mean_volume":1036.1963573559428,"stddev_volume":100.11004954118549}
{"interval_index":43.0,"time_vector":{"type":1,"values":[-0.9469301294951056,0.32143946530316175]},"count":31763,"mean_volume":1028.8581368258665,"stddev_volume":66.52536293966425}
{"interval_index":44.0,"time_vector":{"type":1,"values":[-0.9659258262890682,0.258819045102521]},"count":31914,"mean_volume":1040.9963025631384,