{"cluster_num":1,"count":1116950,"speeders_count":11545,"mean_vel":46.51962639377006,"mean_time":6.516986860376617,"stddev_vel":7.183410669801061,"stddev_time":0.9756215701787616,"min_vel":29.226126,"max_vel":135.18565,"min_time":1.9298725,"max_time":11.119107}
{"cluster_num":2,"count":480498,"speeders_count":217233,"mean_vel":70.63554790193666,"mean_time":4.339865474185008,"stddev_vel":10.527842440669994,"stddev_time":0.6102025169977904,"min_vel":46.0498,"max_vel":220.97893,"min_time":0.82385325,"max_time":7.274671}
{"cluster_num":0,"count":852545,"speeders_count":10,"mean_vel":23.701264873285798,"mean_time":14.158376245433665,"stddev_vel":7.600477810751987,"stddev_time":5.568244520083551,"min_vel":0.07807397,"max_vel":78.70869,"min_time":3.8114262,"max_time":135.33852}
