{"interval_index":0.0,"time_vector":{"type":1,"values":[1.0,0.0]},"count":9849,"mean_volume":339.1675296984465,"stddev_volume":79.72953593802848}
{"interval_index":1.0,"time_vector":{"type":1,"values":[0.9978589232386035,0.06540312923014306]},"count":9703,"mean_volume":333.3605070596723,"stddev_volume":77.66852123291433}
{"interval_index":2.0,"time_vector":{"type":1,"values":[0.9914448613738104,0.13052619222005157]},"count":11706,"mean_volume":395.96429181616264,"stddev_volume":82.66141449751744}
{"interval_index":3.0,"time_vector":{"type":1,"values":[0.9807852804032304,0.19509032201612825]},"count":11252,"mean_volume":397.06949875577675,"stddev_volume":113.23723572136076}
{"interval_index":4.0,"time_vector":{"type":1,"values":[0.9659258262890683,0.25881904510252074]},"count":9607,"mean_volume":338.7189549286978,"stddev_volume":95.13132445300421}
{"interval_index":5.0,"time_vector":{"type":1,"values":[0.9469301294951057,0.3214394653031616]},"count":9892,"mean_volume":343.9500606550748,"stddev_volume":85.57727830518745}
{"interval_index":6.0,"time_vector":{"type":1,"values":[0.9238795325112867,0.3826834323650898]},"count":9683,"mean_volume":338.0934627698027,"stddev_volume":96.64894747137309}
{"interval_index":7.0,"time_vector":{"type":1,"values":[0.8968727415326883,0.4422886902190013]},"count":9452,"mean_volume":322.0933135844266,"stddev_volume":75.52703945795524}
{"interval_index":8.0,"time_vector":{"type":1,"values":[0.8660254037844387,0.49999999999999994]},"count":10115,"mean_volume":360.03766683143846,"stddev_volume":102.71145185514958}
{"interval_index":9.0,"time_vector":{"type":1,"values":[0.8314696123025452,0.5555702330196022]},"count":10642,"mean_volume":365.71152039090396,"stddev_volume":84.6571088847764}
{"interval_index":10.0,"time_vector":{"type":1,"values":[0.7933533402912352,0.6087614290087207]},"count":9818,"mean_volume":350.1356691790589,"stddev_volume":98.13322632969961}
{"interval_index":11.0,"time_vector":{"type":1,"values":[0.7518398074789774,0.6593458151000688]},"count":10224,"mean_volume":343.2476525821596,"stddev_volume":65.9657834642524}
{"interval_index":12.0,"time_vector":{"type":1,"values":[0.7071067811865476,0.7071067811865475]},"count":10062,"mean_volume":339.8004372888094,"stddev_volume":68.33070399640889}
{"interval_index":13.0,"time_vector":{"type":1,"values":[0.6593458151000688,0.7518398074789774]},"count":8623,"mean_volume":338.37701495999073,"stddev_volume":133.0187849067241}
{"interval_index":14.0,"time_vector":{"type":1,"values":[0.6087614290087207,0.7933533402912352]},"count":10419,"mean_volume":355.1904213456186,"stddev_volume":68.91493876645556}
{"interval_index":15.0,"time_vector":{"type":1,"values":[0.5555702330196023,0.8314696123025452]},"count":9168,"mean_volume":322.94917102966843,"stddev_volume":87.09267536407778}
{"interval_index":16.0,"time_vector":{"type":1,"values":[0.5000000000000001,0.8660254037844386]},"count":9314,"mean_volume":322.01352802233197,"stddev_volume":76.54104625340912}
{"interval_index":17.0,"time_vector":{"type":1,"values":[0.44228869021900125,0.8968727415326884]},"count":12082,"mean_volume":410.44131766263865,"stddev_volume":90.26367343516414}
{"interval_index":18.0,"time_vector":{"type":1,"values":[0.38268343236508984,0.9238795325112867]},"count":12412,"mean_volume":423.3427328391879,"stddev_volume":91.08893689943636}
{"interval_index":19.0,"time_vector":{"type":1,"values":[0.3214394653031617,0.9469301294951056]},"count":11099,"mean_volume":397.20560410847827,"stddev_volume":111.72097400554135}
{"interval_index":20.0,"time_vector":{"type":1,"values":[0.25881904510252074,0.9659258262890683]},"count":11540,"mean_volume":408.78076256499133,"stddev_volume":113.4072669283415}
{"interval_index":21.0,"time_vector":{"type":1,"values":[0.19509032201612833,0.9807852804032304]},"count":22998,"mean_volume":769.2892425428298,"stddev_volume":135.31356807892104}
{"interval_index":22.0,"time_vector":{"type":1,"values":[0.1305261922200517,0.9914448613738104]},"count":21393,"mean_volume":720.5907072406862,"stddev_volume":144.29334328075012}
{"interval_index":23.0,"time_vector":{"type":1,"values":[0.06540312923014305,0.9978589232386035]},"count":22472,"mean_volume":745.1365254538982,"stddev_volume":109.51934730661509}
{"interval_index":24.0,"time_vector":{"type":1,"values":[6.123233995736766E-17,1.0]},"count":20921,"mean_volume":700.5147459490464,"stddev_volume":136.83539673023563}
{"interval_index":25.0,"time_vector":{"type":1,"values":[-0.06540312923014292,0.9978589232386035]},"count":22443,"mean_volume":760.7648264492269,"stddev_volume":153.62078661817546}
{"interval_index":26.0,"time_vector":{"type":1,"values":[-0.1305261922200516,0.9914448613738104]},"count":21804,"mean_volume":741.2872867363786,"stddev_volume":150.19073327227096}
{"interval_index":27.0,"time_vector":{"type":1,"values":[-0.1950903220161282,0.9807852804032304]},"count":21449,"mean_volume":721.0165042659331,"stddev_volume":127.79582705545833}
{"interval_index":28.0,"time_vector":{"type":1,"values":[-0.25881904510252085,0.9659258262890683]},"count":34442,"mean_volume":1215.5973520701468,"stddev_volume":345.95655966760074}
{"interval_index":29.0,"time_vector":{"type":1,"values":[-0.3214394653031616,0.9469301294951057]},"count":33686,"mean_volume":1152.5184943299887,"stddev_volume":280.23359464295874}
{"interval_index":30.0,"time_vector":{"type":1,"values":[-0.3826834323650897,0.9238795325112867]},"count":38311,"mean_volume":1289.2582548093237,"stddev_volume":255.55685452502536}
{"interval_index":31.0,"time_vector":{"type":1,"values":[-0.44228869021900113,0.8968727415326884]},"count":38189,"mean_volume":1285.7880279661683,"stddev_volume":262.42428891580704}
{"interval_index":32.0,"time_vector":{"type":1,"values":[-0.4999999999999998,0.8660254037844387]},"count":36368,"mean_volume":1263.096458424989,"stddev_volume":337.30505206723046}
{"interval_index":33.0,"time_vector":{"type":1,"values":[-0.5555702330196023,0.8314696123025451]},"count":38592,"mean_volume":1277.7678793532339,"stddev_volume":203.0784391409342}
{"interval_index":34.0,"time_vector":{"type":1,"values":[-0.6087614290087207,0.7933533402912352]},"count":38562,"mean_volume":1275.535501270681,"stddev_volume":193.3671486485419}
{"interval_index":35.0,"time_vector":{"type":1,"values":[-0.6593458151000688,0.7518398074789774]},"count":38289,"mean_volume":1257.5758311786676,"stddev_volume":167.44546205902424}
{"interval_index":36.0,"time_vector":{"type":1,"values":[-0.7071067811865475,0.7071067811865476]},"count":39602,"mean_volume":1301.398818241503,"stddev_volume":175.0776949365013}
{"interval_index":37.0,"time_vector":{"type":1,"values":[-0.7518398074789773,0.659345815100069]},"count":38537,"mean_volume":1272.9282767210732,"stddev_volume":189.12699554030422}
{"interval_index":38.0,"time_vector":{"type":1,"values":[-0.793353340291235,0.6087614290087209]},"count":37463,"mean_volume":1233.7287723887569,"stddev_volume":164.73582269195342}
{"interval_index":39.0,"time_vector":{"type":1,"values":[-0.8314696123025453,0.5555702330196022]},"count":32273,"mean_volume":1050.7757258389365,"stddev_volume":101.10921427933555}
{"interval_index":40.0,"time_vector":{"type":1,"values":[-0.8660254037844387,0.49999999999999994]},"count":32379,"mean_volume":1050.025417709009,"stddev_volume":76.25817723655709}
{"interval_index":41.0,"time_vector":{"type":1,"values":[-0.8968727415326883,0.4422886902190013]},"count":32978,"mean_volume":1069.5304142155376,"stddev_volume":77.58466377189815}
{"interval_index":42.0,"time_vector":{"type":1,"values":[-0.9238795325112867,0.3826834323650899]},"count":31061,"mean_volume":1008.0101413347928,"stddev_volume":77.42900530823407}
{"interval_index":43.0,"time_vector":{"type":1,"values":[-0.9469301294951056,0.32143946530316175]},"count":31658,"mean_volume":1023.9446585381262,"stddev_volume":52.40917999816153}
{"interval_index":44.0,"time_vector":{"type":1,"values":[-0.9659258262890682,0.258819045102521]},"count":30968,"mean_volume":1009.7133815551537,