{"interval_index":0.0,"time_vector":{"type":1,"values":[1.0,0.0]},"count":9278,"mean_volume":314.20435438672126,"stddev_volume":68.0732241049549}
{"interval_index":1.0,"time_vector":{"type":1,"values":[0.9978589232386035,0.06540312923014306]},"count":9821,"mean_volume":338.071784950616,"stddev_volume":74.49485308128222}
{"interval_index":2.0,"time_vector":{"type":1,"values":[0.9914448613738104,0.13052619222005157]},"count":11842,"mean_volume":405.8071271744638,"stddev_volume":90.39736312376772}
{"interval_index":3.0,"time_vector":{"type":1,"values":[0.9807852804032304,0.19509032201612825]},"count":10419,"mean_volume":390.7590939629523,"stddev_volume":113.39180318501657}
{"interval_index":4.0,"time_vector":{"type":1,"values":[0.9659258262890683,0.25881904510252074]},"count":10261,"mean_volume":358.8265276288861,"stddev_volume":102.12830539132264}
{"interval_index":5.0,"time_vector":{"type":1,"values":[0.9469301294951057,0.3214394653031616]},"count":9090,"mean_volume":311.6798679867987,"stddev_volume":66.84166489142324}
{"interval_index":6.0,"time_vector":{"type":1,"values":[0.9238795325112867,0.3826834323650898]},"count":9413,"mean_volume":321.16827791352387,"stddev_volume":65.56218960887058}
{"interval_index":7.0,"time_vector":{"type":1,"values":[0.8968727415326883,0.4422886902190013]},"count":9044,"mean_volume":324.7302078726227,"stddev_volume":85.19026308956435}
{"interval_index":8.0,"time_vector":{"type":1,"values":[0.8660254037844387,0.49999999999999994]},"count":9964,"mean_volume":346.8934162986752,"stddev_volume":84.87349331399051}
{"interval_index":9.0,"time_vector":{"type":1,"values":[0.8314696123025452,0.5555702330196022]},"count":10402,"mean_volume":356.81715054797155,"stddev_volume":85.56792980171443}
{"interval_index":10.0,"time_vector":{"type":1,"values":[0.7933533402912352,0.6087614290087207]},"count":10163,"mean_volume":370.1998425661714,"stddev_volume":115.94256900378826}
{"interval_index":11.0,"time_vector":{"type":1,"values":[0.7518398074789774,0.6593458151000688]},"count":10763,"mean_volume":359.03827929016074,"stddev_volume":63.121809060926}
{"interval_index":12.0,"time_vector":{"type":1,"values":[0.7071067811865476,0.7071067811865475]},"count":10722,"mean_volume":369.92930423428464,"stddev_volume":95.54683212074518}
{"interval_index":13.0,"time_vector":{"type":1,"values":[0.6593458151000688,0.7518398074789774]},"count":9191,"mean_volume":343.43390273093246,"stddev_volume":113.07339551950318}
{"interval_index":14.0,"time_vector":{"type":1,"values":[0.6087614290087207,0.7933533402912352]},"count":10588,"mean_volume":354.3135625236116,"stddev_volume":64.05231799168406}
{"interval_index":15.0,"time_vector":{"type":1,"values":[0.5555702330196023,0.8314696123025452]},"count":9269,"mean_volume":313.84151472650774,"stddev_volume":67.04958595881018}
{"interval_index":16.0,"time_vector":{"type":1,"values":[0.5000000000000001,0.8660254037844386]},"count":10136,"mean_volume":345.7523677979479,"stddev_volume":78.36328467540262}
{"interval_index":17.0,"time_vector":{"type":1,"values":[0.44228869021900125,0.8968727415326884]},"count":11574,"mean_volume":407.2343182996371,"stddev_volume":104.9121173446873}
{"interval_index":18.0,"time_vector":{"type":1,"values":[0.38268343236508984,0.9238795325112867]},"count":10670,"mean_volume":361.06841611996254,"stddev_volume":71.64192343967018}
{"interval_index":19.0,"time_vector":{"type":1,"values":[0.3214394653031617,0.9469301294951056]},"count":11034,"mean_volume":389.4446257023745,"stddev_volume":94.00854875412416}
{"interval_index":20.0,"time_vector":{"type":1,"values":[0.25881904510252074,0.9659258262890683]},"count":11525,"mean_volume":390.0233405639913,"stddev_volume":80.13426164286984}
{"interval_index":21.0,"time_vector":{"type":1,"values":[0.19509032201612833,0.9807852804032304]},"count":22626,"mean_volume":761.4098824361354,"stddev_volume":152.5273864369031}
{"interval_index":22.0,"time_vector":{"type":1,"values":[0.1305261922200517,0.9914448613738104]},"count":24200,"mean_volume":810.7260330578513,"stddev_volume":155.059434489723}
{"interval_index":23.0,"time_vector":{"type":1,"values":[0.06540312923014305,0.9978589232386035]},"count":20404,"mean_volume":691.1008625759655,"stddev_volume":146.01397028686827}
{"interval_index":24.0,"time_vector":{"type":1,"values":[6.123233995736766E-17,1.0]},"count":22062,"mean_volume":738.5653159278397,"stddev_volume":136.72178978823638}
{"interval_index":25.0,"time_vector":{"type":1,"values":[-0.06540312923014292,0.9978589232386035]},"count":22940,"mean_volume":779.7551002615519,"stddev_volume":173.24852043952885}
{"interval_index":26.0,"time_vector":{"type":1,"values":[-0.1305261922200516,0.9914448613738104]},"count":22336,"mean_volume":746.4707199140402,"stddev_volume":135.10950592735182}
{"interval_index":27.0,"time_vector":{"type":1,"values":[-0.1950903220161282,0.9807852804032304]},"count":22057,"mean_volume":758.754726390715,"stddev_volume":171.51497752897646}
{"interval_index":28.0,"time_vector":{"type":1,"values":[-0.25881904510252085,0.9659258262890683]},"count":39320,"mean_volume":1353.6096134282807,"stddev_volume":319.3444108753855}
{"interval_index":29.0,"time_vector":{"type":1,"values":[-0.3214394653031616,0.9469301294951057]},"count":38671,"mean_volume":1303.694422176825,"stddev_volume":249.09495283105989}
{"interval_index":30.0,"time_vector":{"type":1,"values":[-0.3826834323650897,0.9238795325112867]},"count":36745,"mean_volume":1233.981031432848,"stddev_volume":236.4455138032529}
{"interval_index":31.0,"time_vector":{"type":1,"values":[-0.44228869021900113,0.8968727415326884]},"count":39831,"mean_volume":1349.8310612337125,"stddev_volume":293.4544580694925}
{"interval_index":32.0,"time_vector":{"type":1,"values":[-0.4999999999999998,0.8660254037844387]},"count":37926,"mean_volume":1302.6838053050678,"stddev_volume":289.6864748592294}
{"interval_index":33.0,"time_vector":{"type":1,"values":[-0.5555702330196023,0.8314696123025451]},"count":38191,"mean_volume":1254.626823073499,"stddev_volume":163.45702907197358}
{"interval_index":34.0,"time_vector":{"type":1,"values":[-0.6087614290087207,0.7933533402912352]},"count":37151,"mean_volume":1236.9468654948723,"stddev_volume":208.44079943018045}
{"interval_index":35.0,"time_vector":{"type":1,"values":[-0.6593458151000688,0.7518398074789774]},"count":37284,"mean_volume":1231.3341379680292,"stddev_volume":176.8314201726965}
{"interval_index":36.0,"time_vector":{"type":1,"values":[-0.7071067811865475,0.7071067811865476]},"count":38221,"mean_volume":1258.120797467361,"stddev_volume":169.5520043803072}
{"interval_index":37.0,"time_vector":{"type":1,"values":[-0.7518398074789773,0.659345815100069]},"count":37896,"mean_volume":1241.4865421152629,"stddev_volume":150.4993734542423}
{"interval_index":38.0,"time_vector":{"type":1,"values":[-0.793353340291235,0.6087614290087209]},"count":38823,"mean_volume":1274.2456533498184,"stddev_volume":158.69102636100482}
{"interval_index":39.0,"time_vector":{"type":1,"values":[-0.8314696123025453,0.5555702330196022]},"count":33967,"mean_volume":1106.3071510583802,"stddev_volume":105.97689925875495}
{"interval_index":40.0,"time_vector":{"type":1,"values":[-0.8660254037844387,0.49999999999999994]},"count":31992,"mean_volume":1037.6080895223806,"stddev_volume":76.60803918148835}
{"interval_index":41.0,"time_vector":{"type":1,"values":[-0.8968727415326883,0.4422886902190013]},"count":31965,"mean_volume":1043.5748162052244,"stddev_volume":115.2616679835053}
{"interval_index":42.0,"time_vector":{"type":1,"values":[-0.9238795325112867,0.3826834323650899]},"count":32842,"mean_volume":1063.6329090798367,"stddev_volume":68.40157798003143}
{"interval_index":43.0,"time_vector":{"type":1,"values":[-0.9469301294951056,0.32143946530316175]},"count":31835,"mean_volume":1031.214732212973,"stddev_volume":65.81520018823961}
{"interval_index":44.0,"time_vector":{"type":1,"values":[-0.9659258262890682,0.258819045102521]},"count":31720,"mean_volume":1034.1603404791929,